{"cameraMode":{"drawMode":0,"name":"Shaded","section":"Shading Mode"},"sceneLighting":false,"audioPlay":false,"sceneViewState":{"showFog":true,"showMaterialUpdate":false,"showSkybox":false,"showFlares":true,"showImageEffects":true,"showParticleSystems":true},"in2DMode":false,"pivot":{"x":45.09767150878906,"y":0.7618710994720459,"z":47.52083206176758},"rotation":{"x":-0.04229496791958809,"y":-0.009893786162137986,"z":0.00041886407416313887,"w":-0.9990569353103638},"size":0.8522419929504395,"orthographic":false}