{"cameraMode":{"drawMode":0,"name":"Shaded","section":"Shading Mode"},"sceneLighting":false,"audioPlay":false,"sceneViewState":{"showFog":true,"showMaterialUpdate":false,"showSkybox":false,"showFlares":true,"showImageEffects":true,"showParticleSystems":true},"in2DMode":false,"pivot":{"x":44.63383102416992,"y":0.6457011699676514,"z":47.646732330322269},"rotation":{"x":-0.0078091854229569439,"y":0.009596762247383595,"z":-0.0000749349346733652,"w":-0.9999236464500427},"size":0.8137029409408569,"orthographic":false}